Bestbuy_name,Bestbuy_sku,Bestbuy_price,Bestbuy_link
"Dell Alienware 26.7"" QHD 360Hz 0.03ms GTG OLED LED FreeSync Gaming Monitor (AW2725DF) - Dark Side of the Moon",17683673,899.99,https://www.bestbuy.ca/en-ca/product/17683673
"Dell 27"" QHD 165Hz 1ms IPS LED G-Sync FreeSync Gaming Monitor (G2724D) - Black",17160814,449.99,https://www.bestbuy.ca/en-ca/product/17160814
"Dell 27"" 4K Ultra HD 60Hz 4ms GTG IPS LED FreeSync Monitor (S2722QC) - Platinum Silver",15805115,479.99,https://www.bestbuy.ca/en-ca/product/15805115
"Dell 27"" WQHD 100Hz 4ms IPS LED Monitor (S2725DS) - Silver",17864930,329.99,https://www.bestbuy.ca/en-ca/product/17864930
"Dell U2723QE UltraSharp Monitor 27"" 4K 3840x2160 at 60Hz, USB-C, HDMI, DP, IPS",17985259,499.0,https://www.bestbuy.ca/en-ca/product/17985259
"Dell 27"" FHD 75Hz 4ms GTG IPS LED FreeSync Gaming Monitor (Dell S2721NX v2) - Black",16663596,249.99,https://www.bestbuy.ca/en-ca/product/16663596
"Dell UltraSharp 27 4K USB-C Hub Monitor - U2723QE - 68.47cm (27"") DELL-U2723QE",17702763,854.99,https://www.bestbuy.ca/en-ca/product/17702763
Dell UltraSharp 32 4K USB-C Hub Monitor - U3223QE,16368656,1159.99,https://www.bestbuy.ca/en-ca/product/16368656
"DELL U4323QE UltraSharp 43"" Monitor, 4K 3840x2160 60Hz, USB-C - 2xHDMI - 2xDP, IPS",17957738,849.0,https://www.bestbuy.ca/en-ca/product/17957738
Dell 32 Curved FHD Monitor - S3222HN,16235556,219.99,https://www.bestbuy.ca/en-ca/product/16235556
Dell 32 4K UHD Monitor - SE3223Q,16582256,389.99,https://www.bestbuy.ca/en-ca/product/16582256
Dell 24 Inch Monitor - S2421HN,17153933,139.99,https://www.bestbuy.ca/en-ca/product/17153933
Dell 32 4K UHD Gaming Monitor with 144Hz Refresh Rate and 95% DCI-P3 Color Gamut,17146592,849.99,https://www.bestbuy.ca/en-ca/product/17146592
Dell UltraSharp 27 Monitor - U2724D,17732335,463.97,https://www.bestbuy.ca/en-ca/product/17732335
"Dell SE2722H 27"" FHD LED Monitor with AMD FreeSync, HDMI and VGA Inputs",15726709,159.99,https://www.bestbuy.ca/en-ca/product/15726709
Dell 32 4K USB-C Hub Monitor - P3223QE,16445314,699.99,https://www.bestbuy.ca/en-ca/product/16445314
Dell 24 Touch USB-C Hub Monitor P2424HT - Brand New,17475955,549.99,https://www.bestbuy.ca/en-ca/product/17475955
Dell UltraSharp 49 Curved USB-C Hub Monitor - U4924DW,17165278,1739.99,https://www.bestbuy.ca/en-ca/product/17165278
Dell 24 Monitor - S2421NX,17851614,149.99,https://www.bestbuy.ca/en-ca/product/17851614
Dell 14 Portable Monitor - P1424H,17151006,369.99,https://www.bestbuy.ca/en-ca/product/17151006
Dell 27 Monitor - P2722H,15611203,299.99,https://www.bestbuy.ca/en-ca/product/15611203
Dell UltraSharp 43 4K USB-C Hub Monitor - U4323QE,17103744,1094.99,https://www.bestbuy.ca/en-ca/product/17103744
Dell UltraSharp 27 Thunderbolt™ Hub Monitor - U2724DE,17718315,654.99,https://www.bestbuy.ca/en-ca/product/17718315
Dell UltraSharp 38 Curved USB-C Hub Monitor - U3824DW,17168839,1559.99,https://www.bestbuy.ca/en-ca/product/17168839
"Dell S Series 27"" FHD LCD 75Hz HDMI AMD FreeSync Grey Monitor (S2721HN)",16616568,259.99,https://www.bestbuy.ca/en-ca/product/16616568
Dell 27 USB-C Hub Monitor - P2722HE,16242354,445.69,https://www.bestbuy.ca/en-ca/product/16242354
Dell 27 Curved Gaming Monitor – S2721HGF,16368658,249.99,https://www.bestbuy.ca/en-ca/product/16368658
"Dell P3421W 34.1"" WQHD Curved Screen WLED LCD Monitor - 21:9 - Black",16372809,887.99,https://www.bestbuy.ca/en-ca/product/16372809
Dell 24 Monitor - E2424HS,17154912,189.99,https://www.bestbuy.ca/en-ca/product/17154912
Dell 27 4K USB-C Hub Monitor - P2723QE,16372813,649.99,https://www.bestbuy.ca/en-ca/product/16372813
Dell UltraSharp 40 Curved Thunderbolt™ Hub Monitor - U4025QW,17983316,2469.99,https://www.bestbuy.ca/en-ca/product/17983316
"Dell 34"" WQHD LCD 144Hz USB 3.2 HDMI Black Curved Gaming Monitor (2NOF4)",16235559,658.73,https://www.bestbuy.ca/en-ca/product/16235559
"DELL 32"" 8K UHD 60Hz 6ms GTG IPS LCD Monitor (DELL-UP3218K) - Black",16652591,5115.99,https://www.bestbuy.ca/en-ca/product/16652591
Dell UltraSharp 24 Monitor - U2424H,17729946,379.99,https://www.bestbuy.ca/en-ca/product/17729946
"Dell E-Series 21.5"" FHD LCD 60Hz HDMI DisplayPort Black Monitor (E2222HS)",16370868,159.99,https://www.bestbuy.ca/en-ca/product/16370868
Dell 24 Inch QHD Monitor - P2423D,16445494,389.99,https://www.bestbuy.ca/en-ca/product/16445494
Dell Monitor Slim Soundbar - SB521A,15230263,71.57,https://www.bestbuy.ca/en-ca/product/15230263
Dell UltraSharp 34 Curved USB-C Hub Monitor - U3423WE,17083377,1096.71,https://www.bestbuy.ca/en-ca/product/17083377
Dell UltraSharp 24 USB-C® Hub Monitor - U2424HE,17741948,449.99,https://www.bestbuy.ca/en-ca/product/17741948
Dell UltraSharp 27 4K PremierColor Monitor - UP2720Q,16245939,1840.1,https://www.bestbuy.ca/en-ca/product/16245939
Dell 27 Monitor - S2725HS,17983312,209.99,https://www.bestbuy.ca/en-ca/product/17983312
"NEW - Dell P2422H 24 inch Full HD IPS LED Monitor - 1920 x 1080, 16.7 million colors, 5ms, HDMI, VGA, Display Port, Tilt, Pivot, Height Adjustable",17933714,219.99,https://www.bestbuy.ca/en-ca/product/17933714
Dell UltraSharp 32 4K Video Conferencing Monitor - U3223QZ,16445300,1464.99,https://www.bestbuy.ca/en-ca/product/16445300
"Dell 22 Monitor | E2221HN - 54.7cm (21.5"") DELL-E2221HN",15448011,232.69,https://www.bestbuy.ca/en-ca/product/15448011
"Dell 24 Monitor - P2422H - Full HD 1080p, IPS Technology, Comfortview Plus Technology",17247967,299.0,https://www.bestbuy.ca/en-ca/product/17247967
"Dell 27"" FHD 240Hz 1ms GTG IPS LED FreeSync Gaming Monitor (G2723H)-Ascent Grey",17460803,279.99,https://www.bestbuy.ca/en-ca/product/17460803
"Dell 24 inch Monitor FHD (1920 x 1080) 16:9 Ratio with Comfortview (TUV-Certified), 75Hz Refresh Rate, 16.7 Million Colors, Anti-Glare Screen with 3H Hardness, Black - SE2422HX",16242309,276.07,https://www.bestbuy.ca/en-ca/product/16242309
"Dell 22"" FHD LCD 60 Hz VGA HDMI Black Monitor (SE2222H)",16235558,119.99,https://www.bestbuy.ca/en-ca/product/16235558
Dell 34 Curved USB-C Hub Monitor - P3424WE,17812330,909.99,https://www.bestbuy.ca/en-ca/product/17812330
"Dell 31.5"" 1440p WQHD 165Hz 2ms GTG Curved VA LED FreeSync Gaming Monitor (S3222DGM) - Black",15692895,549.99,https://www.bestbuy.ca/en-ca/product/15692895
Dell 24'' S2421HS Monitor,15832252,139.99,https://www.bestbuy.ca/en-ca/product/15832252
Dell 25 Gaming Monitor - G2524H,17203560,299.99,https://www.bestbuy.ca/en-ca/product/17203560
"Dell 27 USB-C Monitor - 1440p WQHD, 99% sRGB, IPS Panel",17150661,553.89,https://www.bestbuy.ca/en-ca/product/17150661
"Dell S3422DW 34"" WQHD 21:9 Curved Monitor, 3440 x 1440, 100Hz, 1800R, Built-in 2x5W Speakers, 4msGTG, 16.7 Million Colors, Silver (Lat S3422DW-70VD6)",16471468,425.0,https://www.bestbuy.ca/en-ca/product/16471468
Dell 22 Monitor - P2225H,17983317,214.99,https://www.bestbuy.ca/en-ca/product/17983317
Dell 27 Monitor - P2723D,16375747,495.69,https://www.bestbuy.ca/en-ca/product/16375747
"Dell S2421H 24 Inch Full HD 1080p Monitor, IPS Ultra-Thin Bezel, 2 x HDMI Ports, Built-in Speakers, Silver",16618485,329.99,https://www.bestbuy.ca/en-ca/product/16618485
"Dell S2721Q 27 Inch 4K UHD, IPS Ultra-Thin Bezel Monitor, AMD FreeSync, HDMI, DisplayPort, VESA Certified, Silver",16617376,599.0,https://www.bestbuy.ca/en-ca/product/16617376
"Dell 22"" LED FHD 60Hz VGA Black Monitor (E2222H)",16372810,139.99,https://www.bestbuy.ca/en-ca/product/16372810
Dell SE2722HX Monitor - 27 inch FHD Monitor,16237373,277.0,https://www.bestbuy.ca/en-ca/product/16237373
Dell 24-Inch Gaming Monitor S2421HGF FHD Full HD (1080p) 1920 x 1080 at 144Hz,17724141,306.12,https://www.bestbuy.ca/en-ca/product/17724141
Dell 24 Monitor - P2425H,17983322,249.99,https://www.bestbuy.ca/en-ca/product/17983322
Dell 27 Gaming Monitor - G2723HN,16618483,333.99,https://www.bestbuy.ca/en-ca/product/16618483
Dell UltraSharp 32 6K Monitor - ﻿U3224KB,17154911,3319.99,https://www.bestbuy.ca/en-ca/product/17154911
"Dell 31.5"" 4K Ultra HD 60Hz 4ms GTG Curved VA LED FreeSync Monitor (S3221QS) - Platinum Silver",17233653,499.99,https://www.bestbuy.ca/en-ca/product/17233653
Dell 27 Monitor - S2725H,17983323,189.99,https://www.bestbuy.ca/en-ca/product/17983323
"Dell 24"" FHD 60 Hz 8 ms GTG LED Monitor - Black - (E2417H)",10749722,288.38,https://www.bestbuy.ca/en-ca/product/10749722
"Dell 24"" FHD 73 Hz 5 ms GTG LED Monitor - Black - (E2418HN)",11622492,269.94,https://www.bestbuy.ca/en-ca/product/11622492
"Dell 27"" S2721H Full HD LED Monitor",15325349,378.99,https://www.bestbuy.ca/en-ca/product/15325349
Dell 27 Inch Monitor - S2721HS,16617367,407.59,https://www.bestbuy.ca/en-ca/product/16617367
Dell 27 Curved Gaming Monitor – S2722DGM,15891263,431.5,https://www.bestbuy.ca/en-ca/product/15891263
"DELL 23.8"" FHD 60Hz 8ms, 5ms GTG IPS LCD G-Sync Gaming Monitor (DELL-C2422HE)",16652596,515.0,https://www.bestbuy.ca/en-ca/product/16652596
15Ft Computer Power Cord 18AWG TV Power Cord NEMA 5-15P to C13 Ac Power Cord for Tv Computer Pc Monitor Samsung Dell,17116681,20.99,https://www.bestbuy.ca/en-ca/product/17116681
6FT/1.8M 3 Prong Monitor Computer TV Power Cord Replacement for Samsung Sony Dell Toshiba Vizio BenQ Acer Asus,17116267,10.0,https://www.bestbuy.ca/en-ca/product/17116267
Dell E2318HR 23-Inch LED-Backlit Flat Panel LCD Monitor,17278284,299.0,https://www.bestbuy.ca/en-ca/product/17278284
6Ft Computer Power Cord 18AWG TV Power Cord NEMA 5-15P to C13 Ac Power Cord for Tv Computer Pc Monitor Samsung Dell,17116515,10.0,https://www.bestbuy.ca/en-ca/product/17116515
"Dell 240Hz Gaming Monitor 24.5 Inch Full HD Monitor with IPS Technology, Antiglare Screen, Dark Metallic Grey - S2522HG",17186216,549.0,https://www.bestbuy.ca/en-ca/product/17186216
6Ft Computer Power Cord 18AWG TV Power Cord NEMA 5-15P to C13 Ac Power Cord for Tv Computer Pc Monitor Samsung Dell,17117586,10.0,https://www.bestbuy.ca/en-ca/product/17117586
Dell P Series 23-Inch Screen LED-lit Monitor (P2319H),17212349,349.99,https://www.bestbuy.ca/en-ca/product/17212349
"Dell 22 Monitor - P2222H - Full HD 1080p, IPS Technology",17542831,329.99,https://www.bestbuy.ca/en-ca/product/17542831
"Dell P2418HZm 23.8"" IPS Monitor (P2418HZM) with Wire Straps, Dust Blower, and Microfiber Cloth (2 - Pack)",15805623,619.95,https://www.bestbuy.ca/en-ca/product/15805623
"Dell P2418HZm 23.8"" IPS Monitor (P2418HZM) with Wire Straps, Dust Blower, and Microfiber Cloth (5 - Pack)",15806725,1544.95,https://www.bestbuy.ca/en-ca/product/15806725
Dell P2418HZm 23.8 Inch IPS Computer Monitor for Video Conferencing - 2 Pack Bundle (2 Screens),15938179,619.95,https://www.bestbuy.ca/en-ca/product/15938179
"Dell P2422HE 23.8"" Full HD WLED LCD Monitor",15746317,434.99,https://www.bestbuy.ca/en-ca/product/15746317
Dell 55 4K Interactive Touch Monitor - P5524QT,17983314,3719.99,https://www.bestbuy.ca/en-ca/product/17983314
Dell 24 USB-C® Hub Monitor - P2425HE,17983321,354.99,https://www.bestbuy.ca/en-ca/product/17983321
"DELL 24"" WQHD 60Hz IPS LCD Monitor (DELL-P2423DE)",16655705,514.99,https://www.bestbuy.ca/en-ca/product/16655705
"Dell P2418HZM 24"" 16:9 Ultrathin Bezel IPS LCD Computer Monitor (2-Pack) Best Value Bundle with LCD Screen Cleaning Kit",15806495,609.95,https://www.bestbuy.ca/en-ca/product/15806495
"Dell P2418HZM 24"" 16:9 Ultrathin Bezel IPS LCD Computer Monitor (4-Pack) Best Value Bundle with LCD Screen Cleaning Kit",15805436,1209.95,https://www.bestbuy.ca/en-ca/product/15805436
"5-Pack Dell 24"" (P2418HZM) Ultrathin IPS LCD Computer Monitor Bundle",15805472,1509.95,https://www.bestbuy.ca/en-ca/product/15805472
Dell 24 USB-C Hub Monitor - P2425E,17983324,519.99,https://www.bestbuy.ca/en-ca/product/17983324
"DELL P2725H Monitor, 27"" FHD 1920x1080 100Hz, HDMI, DP, VGA, USB Type C",17986976,229.0,https://www.bestbuy.ca/en-ca/product/17986976
"DELL 27"" FHD 60Hz 8ms GTG IPS LCD Monitor (DELL-P2722HE)",16652579,440.99,https://www.bestbuy.ca/en-ca/product/16652579
"DELL 27"" 4K UHD 60Hz IPS LCD Monitor (DELL-P2723QE)",16655704,664.99,https://www.bestbuy.ca/en-ca/product/16655704
Dell 24-Inch Gaming Monitor S2421HGF FHD Full HD (1080p) 1920 x 1080 at 144Hz,17724143,894.95,https://www.bestbuy.ca/en-ca/product/17724143
Dell 24-Inch Gaming Monitor S2421HGF FHD Full HD (1080p) 1920 x 1080 at 144Hz,17724140,604.95,https://www.bestbuy.ca/en-ca/product/17724140
"DELL 21.4"" FHD 60Hz 10ms, 5ms GTG VA LCD Monitor - (DELL-E2222HS)",16652580,167.99,https://www.bestbuy.ca/en-ca/product/16652580
"DELL 21.4"" FHD 60Hz 10ms, 5ms GTG VA LCD Monitor - (DELL-E2222H)",16652587,166.99,https://www.bestbuy.ca/en-ca/product/16652587
"Dell 24"" (P2418HZM) Ultrathin IPS LCD Computer Monitor (2-Pack) Deluxe Bundle",15806481,639.95,https://www.bestbuy.ca/en-ca/product/15806481
"10Ft 18AWG Computer Power Cord: NEMA 5-15P to C13 AC Power Cord for TV, Computer, PC Monitor - Samsung, Dell, Vizio, LG, Asus",17746059,30.93,https://www.bestbuy.ca/en-ca/product/17746059
"DELL 31.5"" WQHD 60Hz IPS LCD Monitor (DELL-P3223DE)",16652584,587.99,https://www.bestbuy.ca/en-ca/product/16652584
"Dell P2418HZm 23.8"" IPS Monitor (P2418HZM) with Wire Straps, Dust Blower, and Microfiber Cloth (3 - Pack)",15805531,924.95,https://www.bestbuy.ca/en-ca/product/15805531
"Dell P2418HZM 24"" 16:9 Ultrathin Bezel IPS LCD Computer Monitor (3-Pack) Best Value Bundle with LCD Screen Cleaning Kit",15806023,904.95,https://www.bestbuy.ca/en-ca/product/15806023
"Dell P2418HZm 23.8"" IPS Monitor",15805860,322.72,https://www.bestbuy.ca/en-ca/product/15805860
Dell P2418HZm 23.8 Inch IPS Computer Monitor for Video Conferencing - 1 Pack Bundle,15938177,321.06,https://www.bestbuy.ca/en-ca/product/15938177
"Dell P2418HZM 24"" 16:9 Ultrathin Bezel IPS LCD Computer Monitor (1-Pack) Best Value Bundle with LCD Screen Cleaning Kit",15806493,320.26,https://www.bestbuy.ca/en-ca/product/15806493
"DELL 21.5"" FHD 60Hz 5ms GTG TN LCD VSync Monitor (DELL-E2221HN) - Black",16652606,266.99,https://www.bestbuy.ca/en-ca/product/16652606
"DELL 21.5"" FHD 60Hz 8ms GTG IPS LCD Monitor (DELL-P2222H) - Black",16652601,242.99,https://www.bestbuy.ca/en-ca/product/16652601
"Dell P2418HZm 23.8"" IPS Monitor (P2418HZM) with Wire Straps, Dust Blower, and Microfiber Cloth (1 - Pack)",15805684,324.3,https://www.bestbuy.ca/en-ca/product/15805684
Dell 24 Monitor - S2425HS,17983320,169.99,https://www.bestbuy.ca/en-ca/product/17983320
"Dell 24 Monitor - P2422H - Full HD 1080p, IPS Technology, Comfortview Plus Technology",17236353,299.0,https://www.bestbuy.ca/en-ca/product/17236353
Dell 24 Monitor - S2425H,17983319,149.99,https://www.bestbuy.ca/en-ca/product/17983319
Dell 65 4K Interactive Touch Monitor - P6524QT,17974182,4949.41,https://www.bestbuy.ca/en-ca/product/17974182
"Dell 40"" WUHD 60Hz 8ms GTG IPS Curved Monitor - (DELL-U4021QWA)",16929141,2485.99,https://www.bestbuy.ca/en-ca/product/16929141
"Dell 40"" WUHD 60Hz 8ms GTG IPS Curved Monitor - (DELL-U4021QWA)",16929141,2485.99,https://www.bestbuy.ca/en-ca/product/16929141
"DELL P2723D 27"" Monitor, QHD 2560x1440 60Hz, HDMI - DP, USB 3.2, IPS",17957805,299.0,https://www.bestbuy.ca/en-ca/product/17957805
Dell E2020H LCD Monitor DELL-E2020H,17555018,99.0,https://www.bestbuy.ca/en-ca/product/17555018
"DELL P2724DEB Video Conferencing Monitor, 27"" QHD 2560x1440 60Hz, HDMI, DP, USB Type C",17985261,399.0,https://www.bestbuy.ca/en-ca/product/17985261
3M Privacy Filter for Dell U3415W Monitor Black,12243473,409.99,https://www.bestbuy.ca/en-ca/product/12243473
Dell 22 Monitor - P2222H,15611205,214.99,https://www.bestbuy.ca/en-ca/product/15611205
Dell UltraSharp 24 Monitor - U2422H,15805603,397.71,https://www.bestbuy.ca/en-ca/product/15805603
"Dell 24"" LED WUXGA IPS 75Hz IPS Black Monitor (P2423)",16445315,467.69,https://www.bestbuy.ca/en-ca/product/16445315
Dell 27 Video Conferencing Monitor - P2724DEB,17739273,659.99,https://www.bestbuy.ca/en-ca/product/17739273
Dell Monitors E2216HV 21.5 in. Black Full HD Widescreen LED - Backlit LCD TN Monitor,11298102,129.99,https://www.bestbuy.ca/en-ca/product/11298102
"DELL P2723D 27"" Monitor, QHD 2560x1440 60Hz, HDMI - DP, USB 3.2, IPS",17957805,299.0,https://www.bestbuy.ca/en-ca/product/17957805
Dell E2020H LCD Monitor DELL-E2020H,17555018,99.0,https://www.bestbuy.ca/en-ca/product/17555018
"DELL P2724DEB Video Conferencing Monitor, 27"" QHD 2560x1440 60Hz, HDMI, DP, USB Type C",17985261,399.0,https://www.bestbuy.ca/en-ca/product/17985261
3M Privacy Filter for Dell U3415W Monitor Black,12243473,409.99,https://www.bestbuy.ca/en-ca/product/12243473
"Dell P2720DC 27"" WQHD WLED LCD Monitor - 16:9 DELL-P2720DC",15136735,602.99,https://www.bestbuy.ca/en-ca/product/15136735
Dell UltraSharp USB-C Hub Monitor - U2421E,15447999,529.69,https://www.bestbuy.ca/en-ca/product/15447999
Dell 24 USB-C Hub Monitor - P2423DE,16445297,511.69,https://www.bestbuy.ca/en-ca/product/16445297
Dell UltraSharp 30 USB-C Hub Monitor - U3023E,16368657,785.99,https://www.bestbuy.ca/en-ca/product/16368657
Dell 32 Monitor - P3223DE,16435438,579.99,https://www.bestbuy.ca/en-ca/product/16435438
Dell 24 Monitor: E2420HS DELL-E2420HS,15136749,302.97,https://www.bestbuy.ca/en-ca/product/15136749
Dell 22 Monitor: E2220H,15136737,243.99,https://www.bestbuy.ca/en-ca/product/15136737
Dell 27 Monitor - E2723H,16568044,199.99,https://www.bestbuy.ca/en-ca/product/16568044
Dell 24 Inch Monitor – E2423HN,17154910,165.78,https://www.bestbuy.ca/en-ca/product/17154910
Dell 24 Video Conferencing Monitor - P2424HEB DELLP2424HEB,17906937,596.99,https://www.bestbuy.ca/en-ca/product/17906937
Dell 22 Monitor - P2222H,15611205,214.99,https://www.bestbuy.ca/en-ca/product/15611205
Dell UltraSharp 24 Monitor - U2422H,15805603,397.71,https://www.bestbuy.ca/en-ca/product/15805603
Dell Monitors E2216HV 21.5 in. Black Full HD Widescreen LED - Backlit LCD TN Monitor,11298102,129.99,https://www.bestbuy.ca/en-ca/product/11298102
"Dell U3223QE UltraSharp 31.5"" 16:9 4K Ultra HD USB-C Hub IPS LED LCD Monitor",17290467,1179.0,https://www.bestbuy.ca/en-ca/product/17290467
"Dell S2721QS 27 Inch 4K UHD (3840 x 2160) IPS Ultra-Thin Bezel Monitor, AMD FreeSync (HDMI, DisplayPort), VESA Certified, Silver",16471438,375.0,https://www.bestbuy.ca/en-ca/product/16471438
"Dell 24"" FHD LCD IPS 165Hz 1ms DisplayPort HDMI Flicker-Free Black Monitor (G2422HS)",16616539,329.99,https://www.bestbuy.ca/en-ca/product/16616539
Genuine DELL 38XNM 2GB nVIDIA Quadro MRGA17H 4000 PCIe2.0x16 DVI-I Auxilliary Dual Monitor 2-Display Full High w/Bracket GD...,15114847,99.0,https://www.bestbuy.ca/en-ca/product/15114847
"Dell 20” HD+ (1600 x 900) 250 nits, 60 Hz, 5ms, ComfortView, DisplayPort, VGA Monitor",17248891,134.99,https://www.bestbuy.ca/en-ca/product/17248891
"DELL S2721HN (Gaming) AMD FreeSync, 27"" FHD 1920x1080 75Hz,2X HDMI, IPS",17973320,119.0,https://www.bestbuy.ca/en-ca/product/17973320
Dell Memory Upgrade - 16GB - 1RX8 DDR4 SODIMM 3200MHz,16370911,194.97,https://www.bestbuy.ca/en-ca/product/16370911
DELL CONSUMER 21.5 1920X1080 LED 16.9 SE2216HV,12294001,189.99,https://www.bestbuy.ca/en-ca/product/12294001
Dell Memory Upgrade - 16GB - 2RX8 DDR4 SODIMM 3200MHz,16666134,220.0,https://www.bestbuy.ca/en-ca/product/16666134
Dell Memory Upgrade - 32GB - 2RX8 DDR4 SODIMM 3200MHz,16666135,304.99,https://www.bestbuy.ca/en-ca/product/16666135
Alienware 25 Gaming Monitor - AW2523HF,17146591,499.99,https://www.bestbuy.ca/en-ca/product/17146591
Alienware 27 Gaming Monitor - AW2724HF,17203559,399.99,https://www.bestbuy.ca/en-ca/product/17203559
Anttrades 5ft 3 Prong AC Power Cord for LCD TV Plasma DLP LED Monitor Screen: Vizio Samsung Toshiba Sony Panasonic Lg,14201134,10.0,https://www.bestbuy.ca/en-ca/product/14201134
"NIERBO Single Monitor Desk Mount, Adjustable Gas Spring Monitor Arm Support Max 32 Inch, 4.4-17.6lbs Screen, VESA Mount Bracket",16608505,189.99,https://www.bestbuy.ca/en-ca/product/16608505
"Single Monitor Wall Mount for 17-32 Inch Computer Screen, Wall Mounted Monitor Holder Support 4.4-17.6lbs Display, Gas Spring Monitor Arm, VESA Bracket for VESA",17969653,109.99,https://www.bestbuy.ca/en-ca/product/17969653
"Single Monitor Mount, Desk Mount for 13-32 inch Computer Screen, Adjustable Tall Monitor Arm with 25 inch Max Height, Holds 4.4-19.8 lbs, Full Motion VESA Mount, White",17943476,129.99,https://www.bestbuy.ca/en-ca/product/17943476
"Single Monitor Mount, Desk Mount for 13-32 inch Computer Screen, Adjustable Tall Monitor Arm with 25 inch Max Height, Holds 4.4-19.8 lbs, Full Motion VESA Mount, Black",17943472,129.99,https://www.bestbuy.ca/en-ca/product/17943472
"Single Monitor Desk Mount, Adjustable Gas Spring Monitor Arm Support Max 32 Inch, 4.4-17.6lbs Screen, with Clamp/Grommet Mounting Base, VESA Mount Bracket, White",17943484,129.99,https://www.bestbuy.ca/en-ca/product/17943484
"Single Monitor Desk Mount, Adjustable Gas Spring Monitor Arm Support Max 32 Inch, 4.4-17.6lbs Screen, with Clamp/Grommet Mounting Base, VESA Mount Bracket, Black",17943478,119.99,https://www.bestbuy.ca/en-ca/product/17943478
Alienware 500Hz Gaming Monitor - AW2524H,17154913,1029.99,https://www.bestbuy.ca/en-ca/product/17154913
"5FT3 Prong AC Power Cord for Personal Computer,Vizio,PC Monitor,Plasma bravia uhd Smart TV, Acer Asus HP Samsung...",15046511,10.0,https://www.bestbuy.ca/en-ca/product/15046511
3M Computer Privacy Screen Filter for 27 inch Monitors - Black - Widescreen 16:9 - PF270W9B,17356275,276.66,https://www.bestbuy.ca/en-ca/product/17356275
STARTECH USB-C Triple Monitor Docking Station - Space Gray (116N-USBC-DOCK),16982969,308.99,https://www.bestbuy.ca/en-ca/product/16982969
"ZHIY 3 Prong AC Power Cord 5ft for Personal Computer,Vizio,PC Monitor,Plasma bravia uhd Smart TV, Supply Plug",14812294,10.0,https://www.bestbuy.ca/en-ca/product/14812294
Alienware 27 Gaming Monitor - AW2724DM,17983236,499.99,https://www.bestbuy.ca/en-ca/product/17983236
Single Monitor Articulating Spring Arm Desk Mount MI-1771,12978043,139.99,https://www.bestbuy.ca/en-ca/product/12978043
HLD USB-C Hub Docking Station with Dual HDMI Display Port 3 USB Ports SD TF Card Reader for Dell HP Surface Lenovo,15462787,69.99,https://www.bestbuy.ca/en-ca/product/15462787
"Dell 23.8"" FHD 1080p LED IPS 75Hz 4ms AMD FreeSync Silver Moniter (S2421HS)",16245941,347.81,https://www.bestbuy.ca/en-ca/product/16245941
Dell Display Port to VGA (DANBNBC084),10914529,34.99,https://www.bestbuy.ca/en-ca/product/10914529
New Genuine Dell Inspiron 15 5551 5552 5555 5558 5559 JJ45K Lcd Led Touch Screen,13296869,164.98,https://www.bestbuy.ca/en-ca/product/13296869
New Genuine Dell Inspiron 15 3558 JJ45K Lcd Led Touch Screen B156XTK01.0,13296868,164.98,https://www.bestbuy.ca/en-ca/product/13296868
New Genuine Dell Inspiron B156XTK01.0 JJ45K Lcd Led Touch Screen 15.6 1366x768,13296959,164.98,https://www.bestbuy.ca/en-ca/product/13296959
New Genuine Dell Inspiron 15 3552 5551 5552 5555 5558 5559 JJ45K WWJY1 Lcd Led Touch Screen,13296867,164.98,https://www.bestbuy.ca/en-ca/product/13296867
DELL OPTIPLEX 5090 - SFF - CORE I5 11500 2.7 GHZ - 16 GB - SSD 256 GB,15748030,1209.99,https://www.bestbuy.ca/en-ca/product/15748030
"Dell Latitude 5000 5420 14"" Notebook - Full HD - 1920 x 1080 - Intel Core i5 11th Gen i5-1145G7 Quad-core (4 Core) 2.60 GHz - 8 GB RAM - 256 GB SSD - Black",15748054,799.7,https://www.bestbuy.ca/en-ca/product/15748054
DELL AX510 Ultrasharp and Professional Series Flat Panel Stereo Soundbar,10441689,30.0,https://www.bestbuy.ca/en-ca/product/10441689
"Dell Inspiron 5415 AIO (2022) | 23.8"" FHD | Core Ryzen 3 - 256GB SSD - 8GB RAM | 4 Cores @ 4.1 GHz",16584867,1285.19,https://www.bestbuy.ca/en-ca/product/16584867
"Dell Inspiron 5415 AIO (2022) | 23.8"" FHD | Core Ryzen 5 - 512GB SSD - 8GB RAM | 6 Cores @ 4.3 GHz",16621861,1575.32,https://www.bestbuy.ca/en-ca/product/16621861
KENAYO 4 in 1 USB-C Hub with 4K HDMI VGA USB 3.0 PD for MacBook Pro/iPad Pro/Samsung Galaxy S8 - S22/Surface Pro 7/Dell XPS 13/15,16624538,29.99,https://www.bestbuy.ca/en-ca/product/16624538
"Dell Inspiron 5415 AIO (2022) | 23.8"" FHD Touch | Core Ryzen 5 - 512GB SSD - 8GB RAM | 6 Cores @ 4.3 GHz",17175667,1575.32,https://www.bestbuy.ca/en-ca/product/17175667
"Dell Inspiron 5415 AIO (2022) | 23.8"" FHD Touch | Core Ryzen 7 - 512GB SSD - 16GB RAM | 8 Cores @ 4.5 GHz",17285941,1958.26,https://www.bestbuy.ca/en-ca/product/17285941
"Dell Inspiron 5415 AIO (2022) | 23.8"" FHD | Core Ryzen 7 - 512GB SSD - 16GB RAM | 8 Cores @ 4.5 GHz",17288202,1958.26,https://www.bestbuy.ca/en-ca/product/17288202
"Dell Inspiron 5415 AIO (2022) | 23.8"" FHD | Core Ryzen 5 - 256GB SSD - 8GB RAM | 6 Cores @ 4.3 GHz",17287281,1415.33,https://www.bestbuy.ca/en-ca/product/17287281
"Dell Inspiron 5415 AIO (2022) | 23.8"" FHD | Core Ryzen 3 - 256GB SSD - 8GB RAM | 4 Cores @ 4.1 GHz",17657322,1430.46,https://www.bestbuy.ca/en-ca/product/17657322
"Dell Inspiron 5415 AIO (2022) | 23.8"" FHD | Core Ryzen 3 - 256GB SSD - 8GB RAM | 8 Cores @ 4.3 GHz",17659968,1430.46,https://www.bestbuy.ca/en-ca/product/17659968
"Dell Inspiron 5415 AIO (2022) | 23.8"" FHD | Core Ryzen 3 - 256GB SSD - 8GB RAM | 8 Cores @ 4.3 GHz",17658924,1430.46,https://www.bestbuy.ca/en-ca/product/17658924
